20230826	이마고웍스(주) 기업부설연구소	0	0	6	9	6	9
20230904	이마고웍스(주) 기업부설연구소	0	0	6	9	6	9
20230911	이마고웍스(주) 기업부설연구소	0	0	6	9	6	9
20230921	이마고웍스(주) 기업부설연구소	0	0	7	10	7	10
20231001	이마고웍스(주) 기업부설연구소	0	0	7	10	7	10
20231011	이마고웍스(주) 기업부설연구소	0	0	7	10	7	10
20231021	이마고웍스(주) 기업부설연구소	0	0	7	10	7	10
20231101	이마고웍스(주) 기업부설연구소	0	0	7	10	7	10
20231111	이마고웍스(주) 기업부설연구소	0	0	7	10	7	10
20231121	이마고웍스(주) 기업부설연구소	0	0	7	10	7	10
20231201	이마고웍스(주) 기업부설연구소	0	0	7	10	7	10
20231211	이마고웍스(주) 기업부설연구소	0	0	7	10	7	10
20231221	이마고웍스(주) 기업부설연구소	0	0	7	10	7	10
20240101	이마고웍스(주) 기업부설연구소	0	0	0	10	0	10
20240111	이마고웍스(주) 기업부설연구소	0	0	0	10	0	10
20240121	이마고웍스(주) 기업부설연구소	0	0	0	10	0	10
20240201	이마고웍스(주) 기업부설연구소	0	0	0	9	0	9
20240211	이마고웍스(주) 기업부설연구소	0	0	0	9	0	9
20240221	이마고웍스(주) 기업부설연구소	0	0	0	9	0	9
20240301	이마고웍스(주) 기업부설연구소	0	0	0	9	0	9
20240311	이마고웍스(주) 기업부설연구소	0	0	0	9	0	9
20240321	이마고웍스(주) 기업부설연구소	0	0	0	9	0	9
20240401	이마고웍스(주) 기업부설연구소	0	0	0	9	0	9
20240411	이마고웍스(주) 기업부설연구소	0	0	0	9	0	9
20240421	이마고웍스(주) 기업부설연구소	0	0	0	9	0	9
20240501	이마고웍스(주) 기업부설연구소	0	0	0	9	0	9
20240511	이마고웍스(주) 기업부설연구소	0	0	0	8	0	8
20240521	이마고웍스(주) 기업부설연구소	0	0	0	8	0	8
20240601	이마고웍스(주) 기업부설연구소	0	0	0	7	0	7
20240611	이마고웍스(주) 기업부설연구소	0	0	0	7	0	7
20240621	이마고웍스(주) 기업부설연구소	0	0	0	7	0	7
20240624	이마고웍스(주) 기업부설연구소	0	0	0	7	0	7
20240624	이마고웍스(주) 기업부설연구소	0	0	0	7	0	7
20240701	이마고웍스(주) 기업부설연구소	0	0	0	7	0	7
20240711	이마고웍스(주) 기업부설연구소	0	0	0	7	0	7
20240721	이마고웍스(주) 기업부설연구소	0	0	0	7	0	7
20240801	이마고웍스(주) 기업부설연구소	0	0	0	7	0	7
20240811	이마고웍스(주) 기업부설연구소	0	0	0	7	0	7
20240821	이마고웍스(주) 기업부설연구소	0	0	0	7	0	7
20240901	이마고웍스(주) 기업부설연구소	0	0	0	7	0	7
20240911	이마고웍스(주) 기업부설연구소	0	0	0	7	0	7
20240921	이마고웍스(주) 기업부설연구소	0	0	0	7	0	7
20241001	이마고웍스(주) 기업부설연구소	0	0	0	7	0	7
20241011	이마고웍스(주) 기업부설연구소	0	0	0	7	0	7
20241021	이마고웍스(주) 기업부설연구소	0	0	0	7	0	7
20241101	이마고웍스(주) 기업부설연구소	0	0	0	7	0	7
20241111	이마고웍스(주) 기업부설연구소	0	0	0	7	0	7
20241121	이마고웍스(주) 기업부설연구소	0	0	0	7	0	7
20241201	이마고웍스(주) 기업부설연구소	0	0	0	7	0	7
20241211	이마고웍스(주) 기업부설연구소	0	0	0	7	0	7
20241221	이마고웍스(주) 기업부설연구소	0	0	0	7	0	7
20250101	이마고웍스(주) 기업부설연구소	0	0	0	7	0	7
20250101	이마고웍스(주) 기업부설연구소	0	0	0	7	0	7
20250111	이마고웍스(주) 기업부설연구소	0	0	0	7	0	7
20250121	이마고웍스(주) 기업부설연구소	0	0	0	7	0	7
20250201	이마고웍스(주) 기업부설연구소	0	0	0	6	0	6
20250211	이마고웍스(주) 기업부설연구소	0	0	0	6	0	6
20250221	이마고웍스(주) 기업부설연구소	0	0	1	7	1	7
20250301	이마고웍스(주) 기업부설연구소	0	0	1	5	1	5
20250311	이마고웍스(주) 기업부설연구소	0	0	1	5	1	5
20250321	이마고웍스(주) 기업부설연구소	0	0	1	5	1	5
20250401	이마고웍스(주) 기업부설연구소	0	0	1	5	1	5
20250411	이마고웍스(주) 기업부설연구소	0	0	1	5	1	5
20250421	이마고웍스(주) 기업부설연구소	0	0	1	5	1	5
20250501	이마고웍스(주) 기업부설연구소	0	0	1	5	1	5
20250511	이마고웍스(주) 기업부설연구소	0	0	1	5	1	5
20250521	이마고웍스(주) 기업부설연구소	0	0	1	5	1	5
20250601	이마고웍스(주) 기업부설연구소	0	0	2	6	2	6
20250611	이마고웍스(주) 기업부설연구소	0	0	2	6	2	6
20250621	이마고웍스(주) 기업부설연구소	0	0	2	6	2	6
20250701	이마고웍스(주) 기업부설연구소	0	0	2	6	2	6
20250711	이마고웍스(주) 기업부설연구소	0	0	2	6	2	6
20250721	이마고웍스(주) 기업부설연구소	0	0	2	6	2	6
20250801	이마고웍스(주) 기업부설연구소	0	0	2	6	2	6
20250811	이마고웍스(주) 기업부설연구소	0	0	2	6	2	6
20250821	이마고웍스(주) 기업부설연구소	0	0	2	5	2	5
20250901	이마고웍스(주) 기업부설연구소	0	0	2	5	2	5
20250911	이마고웍스(주) 기업부설연구소	0	0	2	5	2	5
20250921	이마고웍스(주) 기업부설연구소	0	0	2	5	2	5
20251001	이마고웍스(주) 기업부설연구소	0	0	2	5	2	5
20251011	이마고웍스(주) 기업부설연구소	0	0	2	5	2	5
20251021	이마고웍스(주) 기업부설연구소	0	0	2	5	2	5
